<?xml version="1.0" encoding="UTF-8"?>
<GenRun Id="impl_1" LaunchPart="xc7a100tcsg324-1" LaunchTime="1630955296">
  <File Type="OPT-DCP" Name="and_to_led_opt.dcp"/>
  <File Type="ROUTE-STATUS-PB" Name="and_to_led_route_status.pb"/>
  <File Type="PA-TCL" Name="and_to_led.tcl"/>
  <File Type="RDI-RDI" Name="and_to_led.vdi"/>
  <File Type="PWROPT-DRC" Name="and_to_led_drc_pwropted.rpt"/>
  <File Type="OPT-METHODOLOGY-DRC" Name="and_to_led_methodology_drc_opted.rpt"/>
  <File Type="INIT-TIMING" Name="and_to_led_timing_summary_init.rpt"/>
  <File Type="OPT-DRC" Name="and_to_led_drc_opted.rpt"/>
  <File Type="PWROPT-DCP" Name="and_to_led_pwropt.dcp"/>
  <File Type="OPT-HWDEF" Name="and_to_led.hwdef"/>
  <File Type="OPT-TIMING" Name="and_to_led_timing_summary_opted.rpt"/>
  <File Type="PWROPT-TIMING" Name="and_to_led_timing_summary_pwropted.rpt"/>
  <File Type="PLACE-DCP" Name="and_to_led_placed.dcp"/>
  <File Type="PLACE-IO" Name="and_to_led_io_placed.rpt"/>
  <File Type="PLACE-CLK" Name="and_to_led_clock_utilization_placed.rpt"/>
  <File Type="PLACE-UTIL" Name="and_to_led_utilization_placed.rpt"/>
  <File Type="PLACE-UTIL-PB" Name="and_to_led_utilization_placed.pb"/>
  <File Type="PLACE-CTRL" Name="and_to_led_control_sets_placed.rpt"/>
  <File Type="PLACE-SIMILARITY" Name="and_to_led_incremental_reuse_placed.rpt"/>
  <File Type="PLACE-PRE-SIMILARITY" Name="and_to_led_incremental_reuse_pre_placed.rpt"/>
  <File Type="PLACE-TIMING" Name="and_to_led_timing_summary_placed.rpt"/>
  <File Type="POSTPLACE-PWROPT-DCP" Name="and_to_led_postplace_pwropt.dcp"/>
  <File Type="POSTPLACE-PWROPT-TIMING" Name="and_to_led_timing_summary_postplace_pwropted.rpt"/>
  <File Type="PHYSOPT-DCP" Name="and_to_led_physopt.dcp"/>
  <File Type="PHYSOPT-DRC" Name="and_to_led_drc_physopted.rpt"/>
  <File Type="PHYSOPT-TIMING" Name="and_to_led_timing_summary_physopted.rpt"/>
  <File Type="ROUTE-DCP" Name="and_to_led_routed.dcp"/>
  <File Type="ROUTE-BLACKBOX-DCP" Name="and_to_led_routed_bb.dcp"/>
  <File Type="ROUTE-DRC" Name="and_to_led_drc_routed.rpt"/>
  <File Type="ROUTE-DRC-PB" Name="and_to_led_drc_routed.pb"/>
  <File Type="ROUTE-METHODOLOGY-DRC" Name="and_to_led_methodology_drc_routed.rpt"/>
  <File Type="BG-BIT" Name="and_to_led.bit"/>
  <File Type="ROUTE-METHODOLOGY-DRC-PB" Name="and_to_led_methodology_drc_routed.pb"/>
  <File Type="ROUTE-PWR" Name="and_to_led_power_routed.rpt"/>
  <File Type="ROUTE-PWR-SUM" Name="and_to_led_power_summary_routed.pb"/>
  <File Type="ROUTE-PWR-RPX" Name="and_to_led_power_routed.rpx"/>
  <File Type="ROUTE-STATUS" Name="and_to_led_route_status.rpt"/>
  <File Type="ROUTE-TIMINGSUMMARY" Name="and_to_led_timing_summary_routed.rpt"/>
  <File Type="ROUTE-TIMING-PB" Name="and_to_led_timing_summary_routed.pb"/>
  <File Type="ROUTE-TIMING-RPX" Name="and_to_led_timing_summary_routed.rpx"/>
  <File Type="ROUTE-SIMILARITY" Name="and_to_led_incremental_reuse_routed.rpt"/>
  <File Type="ROUTE-CLK" Name="and_to_led_clock_utilization_routed.rpt"/>
  <File Type="POSTROUTE-PHYSOPT-DCP" Name="and_to_led_postroute_physopt.dcp"/>
  <File Type="POSTROUTE-PHYSOPT-BLACKBOX-DCP" Name="and_to_led_postroute_physopt_bb.dcp"/>
  <File Type="POSTROUTE-PHYSOPT-TIMING" Name="and_to_led_timing_summary_postroute_physopted.rpt"/>
  <File Type="POSTROUTE-PHYSOPT-TIMING-PB" Name="and_to_led_timing_summary_postroute_physopted.pb"/>
  <File Type="POSTROUTE-PHYSOPT-TIMING-RPX" Name="and_to_led_timing_summary_postroute_physopted.rpx"/>
  <File Type="BG-BIN" Name="and_to_led.bin"/>
  <File Type="BITSTR-MSK" Name="and_to_led.msk"/>
  <File Type="BITSTR-RBT" Name="and_to_led.rbt"/>
  <File Type="BITSTR-NKY" Name="and_to_led.nky"/>
  <File Type="BITSTR-BMM" Name="and_to_led_bd.bmm"/>
  <File Type="BITSTR-MMI" Name="and_to_led.mmi"/>
  <File Type="BITSTR-SYSDEF" Name="and_to_led.sysdef"/>
  <File Type="BG-BGN" Name="and_to_led.bgn"/>
  <File Type="BG-DRC" Name="and_to_led.drc"/>
  <File Type="WBT-USG" Name="usage_statistics_webtalk.html"/>
  <FileSet Name="sources" Type="DesignSrcs" RelSrcDir="$PSRCDIR/sources_1">
    <Filter Type="Srcs"/>
    <File Path="$PSRCDIR/sources_1/new/and_to_led.vhd">
      <FileInfo>
        <Attr Name="UsedIn" Val="synthesis"/>
        <Attr Name="UsedIn" Val="simulation"/>
      </FileInfo>
    </File>
    <Config>
      <Option Name="DesignMode" Val="RTL"/>
      <Option Name="TopModule" Val="and_to_led"/>
    </Config>
  </FileSet>
  <FileSet Name="constrs_in" Type="Constrs" RelSrcDir="$PSRCDIR/constrs_1">
    <Filter Type="Constrs"/>
    <File Path="$PSRCDIR/constrs_1/new/main.xdc">
      <FileInfo>
        <Attr Name="UsedIn" Val="synthesis"/>
        <Attr Name="UsedIn" Val="implementation"/>
      </FileInfo>
    </File>
    <Config>
      <Option Name="ConstrsType" Val="XDC"/>
    </Config>
  </FileSet>
  <Strategy Version="1" Minor="2">
    <StratHandle Name="Vivado Implementation Defaults" Flow="Vivado Implementation 2016"/>
    <Step Id="init_design"/>
    <Step Id="opt_design"/>
    <Step Id="power_opt_design"/>
    <Step Id="place_design"/>
    <Step Id="post_place_power_opt_design"/>
    <Step Id="phys_opt_design"/>
    <Step Id="route_design"/>
    <Step Id="post_route_phys_opt_design"/>
    <Step Id="write_bitstream"/>
  </Strategy>
</GenRun>
