<?xml version="1.0" encoding="UTF-8" ?>
<document>
<!--The data in this file is primarily intended for consumption by Xilinx tools.
The structure and the elements are likely to change over the next few releases.
This means code written to parse this file will need to be revisited each subsequent release.-->
<application name="pa" timeStamp="Mon Sep 06 21:19:26 2021">
<section name="Project Information" visible="false">
<property name="ProjectID" value="4d7a5deb62ae4c33a18889f4a227036f" type="ProjectID"/>
<property name="ProjectIteration" value="9" type="ProjectIteration"/>
</section>
<section name="PlanAhead Usage" visible="true">
<item name="Project Data">
<property name="SrcSetCount" value="1" type="SrcSetCount"/>
<property name="ConstraintSetCount" value="1" type="ConstraintSetCount"/>
<property name="DesignMode" value="RTL" type="DesignMode"/>
<property name="SynthesisStrategy" value="Vivado Synthesis Defaults" type="SynthesisStrategy"/>
<property name="ImplStrategy" value="Vivado Implementation Defaults" type="ImplStrategy"/>
</item>
<item name="Java Command Handlers">
<property name="AddSources" value="4" type="JavaHandler"/>
<property name="AutoConnectTarget" value="2" type="JavaHandler"/>
<property name="EditDelete" value="4" type="JavaHandler"/>
<property name="LaunchProgramFpga" value="5" type="JavaHandler"/>
<property name="NewProject" value="1" type="JavaHandler"/>
<property name="OpenHardwareManager" value="4" type="JavaHandler"/>
<property name="OpenProject" value="2" type="JavaHandler"/>
<property name="OpenRecentTarget" value="1" type="JavaHandler"/>
<property name="ProgramDevice" value="2" type="JavaHandler"/>
<property name="RunBitgen" value="7" type="JavaHandler"/>
<property name="RunImplementation" value="1" type="JavaHandler"/>
<property name="RunSynthesis" value="9" type="JavaHandler"/>
<property name="SetTopNode" value="6" type="JavaHandler"/>
<property name="ShowView" value="7" type="JavaHandler"/>
<property name="SimulationClose" value="2" type="JavaHandler"/>
<property name="SimulationRelaunch" value="7" type="JavaHandler"/>
<property name="SimulationRun" value="4" type="JavaHandler"/>
<property name="SimulationRunAll" value="4" type="JavaHandler"/>
<property name="SimulationRunForTime" value="5" type="JavaHandler"/>
<property name="ToolsOptions" value="3" type="JavaHandler"/>
<property name="ViewTaskProgramandDebug" value="1" type="JavaHandler"/>
<property name="ViewTaskProjectManager" value="4" type="JavaHandler"/>
<property name="ViewTaskSimulation" value="1" type="JavaHandler"/>
</item>
<item name="Gui Resources Info">
<property name="PAResourceCommand.PACommandNames_AUTO_CONNECT_TARGET, Auto Connect" value="1" type="GuiResourceData"/>
<property name="PAResourceCommand.PACommandNames_OPEN_PROJECT, Open Project..." value="1" type="GuiResourceData"/>
<property name="PAResourceItoN.MainMenuMgr_FILE, File" value="2" type="GuiResourceData"/>
<property name="PAResourceOtoP.ProgramDebugTab_OPEN_TARGET, Open target" value="1" type="GuiResourceData"/>
<property name="PAResourceOtoP.ProgramDebugTab_PROGRAM_DEVICE, Program device" value="1" type="GuiResourceData"/>
<property name="PAResourceOtoP.ProgramFpgaDialog_PROGRAM, Program" value="1" type="GuiResourceData"/>
<property name="RDIResource.BaseDialog_OK, OK" value="1" type="GuiResourceData"/>
<property name="and_to_led.vhd, 157, 462" value="1" type="GuiResourceData"/>
<property name="and_to_led.vhd, 288, 619" value="1" type="GuiResourceData"/>
</item>
<item name="Other">
<property name="GuiMode" value="3" type="GuiMode"/>
<property name="BatchMode" value="0" type="BatchMode"/>
<property name="TclMode" value="2" type="TclMode"/>
</item>
</section>
</application>
</document>
