<?xml version="1.0" encoding="UTF-8"?>
<GenRun Id="synth_1" LaunchPart="xc7a100tcsg324-1" LaunchTime="1630955725">
  <File Type="RDS-PROPCONSTRS" Name="and_to_led_drc_synth.rpt"/>
  <File Type="PA-TCL" Name="and_to_led.tcl"/>
  <File Type="RDS-RDS" Name="and_to_led.vds"/>
  <File Type="RDS-UTIL" Name="and_to_led_utilization_synth.rpt"/>
  <File Type="RDS-UTIL-PB" Name="and_to_led_utilization_synth.pb"/>
  <File Type="RDS-DCP" Name="and_to_led.dcp"/>
  <File Type="VDS-TIMINGSUMMARY" Name="and_to_led_timing_summary_synth.rpt"/>
  <File Type="VDS-TIMING-PB" Name="and_to_led_timing_summary_synth.pb"/>
  <FileSet Name="sources" Type="DesignSrcs" RelSrcDir="$PSRCDIR/sources_1">
    <Filter Type="Srcs"/>
    <File Path="$PSRCDIR/sources_1/new/and_to_led.vhd">
      <FileInfo>
        <Attr Name="UsedIn" Val="synthesis"/>
        <Attr Name="UsedIn" Val="simulation"/>
      </FileInfo>
    </File>
    <Config>
      <Option Name="DesignMode" Val="RTL"/>
      <Option Name="TopModule" Val="and_to_led"/>
    </Config>
  </FileSet>
  <FileSet Name="constrs_in" Type="Constrs" RelSrcDir="$PSRCDIR/constrs_1">
    <Filter Type="Constrs"/>
    <File Path="$PSRCDIR/constrs_1/new/main.xdc">
      <FileInfo>
        <Attr Name="UsedIn" Val="synthesis"/>
        <Attr Name="UsedIn" Val="implementation"/>
      </FileInfo>
    </File>
    <Config>
      <Option Name="ConstrsType" Val="XDC"/>
    </Config>
  </FileSet>
  <Strategy Version="1" Minor="2">
    <StratHandle Name="Vivado Synthesis Defaults" Flow="Vivado Synthesis 2016"/>
    <Step Id="synth_design"/>
  </Strategy>
</GenRun>
