<?xml version="1.0" encoding="UTF-8"?>
<GenRun Id="impl_1" LaunchPart="xc7a100tcsg324-1" LaunchTime="1630957591">
  <File Type="OPT-DCP" Name="blink_opt.dcp"/>
  <File Type="ROUTE-STATUS-PB" Name="blink_route_status.pb"/>
  <File Type="PA-TCL" Name="blink.tcl"/>
  <File Type="RDI-RDI" Name="blink.vdi"/>
  <File Type="PWROPT-DRC" Name="blink_drc_pwropted.rpt"/>
  <File Type="OPT-METHODOLOGY-DRC" Name="blink_methodology_drc_opted.rpt"/>
  <File Type="INIT-TIMING" Name="blink_timing_summary_init.rpt"/>
  <File Type="OPT-DRC" Name="blink_drc_opted.rpt"/>
  <File Type="PWROPT-DCP" Name="blink_pwropt.dcp"/>
  <File Type="OPT-HWDEF" Name="blink.hwdef"/>
  <File Type="OPT-TIMING" Name="blink_timing_summary_opted.rpt"/>
  <File Type="PWROPT-TIMING" Name="blink_timing_summary_pwropted.rpt"/>
  <File Type="PLACE-DCP" Name="blink_placed.dcp"/>
  <File Type="PLACE-IO" Name="blink_io_placed.rpt"/>
  <File Type="PLACE-CLK" Name="blink_clock_utilization_placed.rpt"/>
  <File Type="PLACE-UTIL" Name="blink_utilization_placed.rpt"/>
  <File Type="PLACE-UTIL-PB" Name="blink_utilization_placed.pb"/>
  <File Type="PLACE-CTRL" Name="blink_control_sets_placed.rpt"/>
  <File Type="PLACE-SIMILARITY" Name="blink_incremental_reuse_placed.rpt"/>
  <File Type="PLACE-PRE-SIMILARITY" Name="blink_incremental_reuse_pre_placed.rpt"/>
  <File Type="PLACE-TIMING" Name="blink_timing_summary_placed.rpt"/>
  <File Type="POSTPLACE-PWROPT-DCP" Name="blink_postplace_pwropt.dcp"/>
  <File Type="POSTPLACE-PWROPT-TIMING" Name="blink_timing_summary_postplace_pwropted.rpt"/>
  <File Type="PHYSOPT-DCP" Name="blink_physopt.dcp"/>
  <File Type="PHYSOPT-DRC" Name="blink_drc_physopted.rpt"/>
  <File Type="PHYSOPT-TIMING" Name="blink_timing_summary_physopted.rpt"/>
  <File Type="ROUTE-DCP" Name="blink_routed.dcp"/>
  <File Type="ROUTE-BLACKBOX-DCP" Name="blink_routed_bb.dcp"/>
  <File Type="ROUTE-DRC" Name="blink_drc_routed.rpt"/>
  <File Type="ROUTE-DRC-PB" Name="blink_drc_routed.pb"/>
  <File Type="ROUTE-METHODOLOGY-DRC" Name="blink_methodology_drc_routed.rpt"/>
  <File Type="BG-BIT" Name="blink.bit"/>
  <File Type="ROUTE-METHODOLOGY-DRC-PB" Name="blink_methodology_drc_routed.pb"/>
  <File Type="ROUTE-PWR" Name="blink_power_routed.rpt"/>
  <File Type="ROUTE-PWR-SUM" Name="blink_power_summary_routed.pb"/>
  <File Type="ROUTE-PWR-RPX" Name="blink_power_routed.rpx"/>
  <File Type="ROUTE-STATUS" Name="blink_route_status.rpt"/>
  <File Type="ROUTE-TIMINGSUMMARY" Name="blink_timing_summary_routed.rpt"/>
  <File Type="ROUTE-TIMING-PB" Name="blink_timing_summary_routed.pb"/>
  <File Type="ROUTE-TIMING-RPX" Name="blink_timing_summary_routed.rpx"/>
  <File Type="ROUTE-SIMILARITY" Name="blink_incremental_reuse_routed.rpt"/>
  <File Type="ROUTE-CLK" Name="blink_clock_utilization_routed.rpt"/>
  <File Type="POSTROUTE-PHYSOPT-DCP" Name="blink_postroute_physopt.dcp"/>
  <File Type="POSTROUTE-PHYSOPT-BLACKBOX-DCP" Name="blink_postroute_physopt_bb.dcp"/>
  <File Type="POSTROUTE-PHYSOPT-TIMING" Name="blink_timing_summary_postroute_physopted.rpt"/>
  <File Type="POSTROUTE-PHYSOPT-TIMING-PB" Name="blink_timing_summary_postroute_physopted.pb"/>
  <File Type="POSTROUTE-PHYSOPT-TIMING-RPX" Name="blink_timing_summary_postroute_physopted.rpx"/>
  <File Type="BG-BIN" Name="blink.bin"/>
  <File Type="BITSTR-MSK" Name="blink.msk"/>
  <File Type="BITSTR-RBT" Name="blink.rbt"/>
  <File Type="BITSTR-NKY" Name="blink.nky"/>
  <File Type="BITSTR-BMM" Name="blink_bd.bmm"/>
  <File Type="BITSTR-MMI" Name="blink.mmi"/>
  <File Type="BITSTR-SYSDEF" Name="blink.sysdef"/>
  <File Type="BG-BGN" Name="blink.bgn"/>
  <File Type="BG-DRC" Name="blink.drc"/>
  <File Type="WBT-USG" Name="usage_statistics_webtalk.html"/>
  <FileSet Name="sources" Type="DesignSrcs" RelSrcDir="$PSRCDIR/sources_1">
    <Filter Type="Srcs"/>
    <File Path="$PSRCDIR/sources_1/new/blinker.vhd">
      <FileInfo>
        <Attr Name="UsedIn" Val="synthesis"/>
        <Attr Name="UsedIn" Val="simulation"/>
      </FileInfo>
    </File>
    <Config>
      <Option Name="DesignMode" Val="RTL"/>
      <Option Name="TopModule" Val="blink"/>
      <Option Name="TopAutoSet" Val="TRUE"/>
    </Config>
  </FileSet>
  <FileSet Name="constrs_in" Type="Constrs" RelSrcDir="$PSRCDIR/constrs_1">
    <Filter Type="Constrs"/>
    <File Path="$PSRCDIR/constrs_1/new/main.xdc">
      <FileInfo>
        <Attr Name="UsedIn" Val="synthesis"/>
        <Attr Name="UsedIn" Val="implementation"/>
      </FileInfo>
    </File>
    <Config>
      <Option Name="ConstrsType" Val="XDC"/>
    </Config>
  </FileSet>
  <Strategy Version="1" Minor="2">
    <StratHandle Name="Vivado Implementation Defaults" Flow="Vivado Implementation 2016"/>
    <Step Id="init_design"/>
    <Step Id="opt_design"/>
    <Step Id="power_opt_design"/>
    <Step Id="place_design"/>
    <Step Id="post_place_power_opt_design"/>
    <Step Id="phys_opt_design"/>
    <Step Id="route_design"/>
    <Step Id="post_route_phys_opt_design"/>
    <Step Id="write_bitstream"/>
  </Strategy>
</GenRun>
