<?xml version="1.0" encoding="UTF-8" ?>
<document>
<!--The data in this file is primarily intended for consumption by Xilinx tools.
The structure and the elements are likely to change over the next few releases.
This means code written to parse this file will need to be revisited each subsequent release.-->
<application name="pa" timeStamp="Mon Sep 06 22:15:02 2021">
<section name="Project Information" visible="false">
<property name="ProjectID" value="4d7a5deb62ae4c33a18889f4a227036f" type="ProjectID"/>
<property name="ProjectIteration" value="9" type="ProjectIteration"/>
</section>
<section name="PlanAhead Usage" visible="true">
<item name="Project Data">
<property name="SrcSetCount" value="1" type="SrcSetCount"/>
<property name="ConstraintSetCount" value="1" type="ConstraintSetCount"/>
<property name="DesignMode" value="RTL" type="DesignMode"/>
<property name="SynthesisStrategy" value="Vivado Synthesis Defaults" type="SynthesisStrategy"/>
<property name="ImplStrategy" value="Vivado Implementation Defaults" type="ImplStrategy"/>
</item>
<item name="Java Command Handlers">
<property name="AddSources" value="4" type="JavaHandler"/>
<property name="AutoConnectTarget" value="1" type="JavaHandler"/>
<property name="EditDelete" value="3" type="JavaHandler"/>
<property name="LaunchProgramFpga" value="4" type="JavaHandler"/>
<property name="NewProject" value="1" type="JavaHandler"/>
<property name="OpenHardwareManager" value="3" type="JavaHandler"/>
<property name="OpenProject" value="1" type="JavaHandler"/>
<property name="OpenRecentTarget" value="1" type="JavaHandler"/>
<property name="ProgramDevice" value="2" type="JavaHandler"/>
<property name="RunBitgen" value="5" type="JavaHandler"/>
<property name="RunImplementation" value="3" type="JavaHandler"/>
<property name="RunSynthesis" value="10" type="JavaHandler"/>
<property name="SetTopNode" value="6" type="JavaHandler"/>
<property name="ShowView" value="8" type="JavaHandler"/>
<property name="SimulationClose" value="14" type="JavaHandler"/>
<property name="SimulationRelaunch" value="8" type="JavaHandler"/>
<property name="SimulationRun" value="23" type="JavaHandler"/>
<property name="SimulationRunAll" value="4" type="JavaHandler"/>
<property name="SimulationRunForTime" value="5" type="JavaHandler"/>
<property name="ToolsOptions" value="3" type="JavaHandler"/>
<property name="ViewTaskProgramandDebug" value="1" type="JavaHandler"/>
<property name="ViewTaskProjectManager" value="4" type="JavaHandler"/>
<property name="ViewTaskSimulation" value="1" type="JavaHandler"/>
</item>
<item name="Gui Resources Info">
<property name="PAResourceCommand.PACommandNames_RUN_BITGEN, Generate Bitstream" value="1" type="GuiResourceData"/>
<property name="PAResourceCommand.PACommandNames_SIMULATION_CLOSE, Close" value="1" type="GuiResourceData"/>
<property name="PAResourceCommand.PACommandNames_SIMULATION_CLOSE, Close Simulation" value="2" type="GuiResourceData"/>
<property name="PAResourceCommand.PACommandNames_SIMULATION_RESET_POST_SYNTHESIS_FUNCTIONAL, Reset Post-Synthesis Functional Simulation" value="2" type="GuiResourceData"/>
<property name="PAResourceCommand.PACommandNames_SIMULATION_RESET_POST_SYNTHESIS_TIMING, Reset Post-Synthesis Timing Simulation" value="1" type="GuiResourceData"/>
<property name="PAResourceCommand.PACommandNames_SIMULATION_RUN_BEHAVIORAL, Run Behavioral Simulation" value="2" type="GuiResourceData"/>
<property name="PAResourceCommand.PACommandNames_SIMULATION_RUN_POST_SYNTHESIS_FUNCTIONAL, Run Post-Synthesis Functional Simulation" value="3" type="GuiResourceData"/>
<property name="PAResourceCommand.PACommandNames_SIMULATION_RUN_POST_SYNTHESIS_TIMING, Run Post-Synthesis Timing Simulation" value="10" type="GuiResourceData"/>
<property name="PAResourceEtoH.FlowNavigatorTreePanel_FLOW_NAVIGATOR_TREE, [, Simulation, Run Simulation], 11, false" value="15" type="GuiResourceData"/>
<property name="PAResourceEtoH.FlowNavigatorTreePanel_FLOW_NAVIGATOR_TREE, [, Simulation, Run Simulation], 11, false, false, false, false, true, false" value="1" type="GuiResourceData"/>
<property name="PAResourceEtoH.FlowNavigatorTreePanel_FLOW_NAVIGATOR_TREE, [, Simulation, Simulation Settings], 10, false, false, false, false, true, false" value="1" type="GuiResourceData"/>
<property name="PAResourceEtoH.FlowNavigatorTreePanel_FLOW_NAVIGATOR_TREE, [, Simulation], 9, true" value="4" type="GuiResourceData"/>
<property name="PAResourceEtoH.FlowNavigatorTreePanel_FLOW_NAVIGATOR_TREE, [, Simulation], 9, true, false, false, false, true, false" value="6" type="GuiResourceData"/>
<property name="RDIResource.BaseDialog_CANCEL, Cancel" value="1" type="GuiResourceData"/>
<property name="RDIResource.BaseDialog_OK, OK" value="23" type="GuiResourceData"/>
<property name="RDIResource.GraphicalView_ZOOM_FIT, Waveform Viewer_zoom_fit" value="1" type="GuiResourceData"/>
<property name="RDIResource.RDIViews_WAVEFORM_VIEWER, 149, 214" value="1" type="GuiResourceData"/>
<property name="RDIResource.TclConsoleView_TCL_CONSOLE_CODE_EDITOR, 49, 25" value="1" type="GuiResourceData"/>
<property name="RDIResource.TclConsoleView_TCL_CONSOLE_CODE_EDITOR, 59, 124" value="1" type="GuiResourceData"/>
<property name="and_tb.vhd, 172, 293" value="1" type="GuiResourceData"/>
<property name="and_tb.vhd, 177, 362" value="1" type="GuiResourceData"/>
<property name="and_tb.vhd, 177, 364" value="1" type="GuiResourceData"/>
<property name="and_tb.vhd, 180, 365" value="1" type="GuiResourceData"/>
<property name="and_tb.vhd, 181, 360" value="1" type="GuiResourceData"/>
<property name="and_tb.vhd, 181, 360, false, false, false, false, true" value="1" type="GuiResourceData"/>
<property name="and_tb.vhd, 182, 359" value="1" type="GuiResourceData"/>
<property name="and_tb.vhd, 197, 367" value="1" type="GuiResourceData"/>
<property name="and_tb.vhd, 199, 365" value="1" type="GuiResourceData"/>
<property name="and_tb.vhd, 202, 360" value="1" type="GuiResourceData"/>
<property name="and_tb.vhd, 203, 365" value="1" type="GuiResourceData"/>
<property name="and_tb.vhd, 650, 318" value="1" type="GuiResourceData"/>
<property name="main.xdc, 122, 435" value="1" type="GuiResourceData"/>
<property name="main.xdc, 23, 186" value="1" type="GuiResourceData"/>
<property name="main.xdc, 32, 343" value="1" type="GuiResourceData"/>
</item>
<item name="Other">
<property name="GuiMode" value="4" type="GuiMode"/>
<property name="BatchMode" value="0" type="BatchMode"/>
<property name="TclMode" value="3" type="TclMode"/>
</item>
</section>
</application>
</document>
